{
    "Fake": {
        "precision": 0.8732638888888888,
        "recall": 0.9128856624319419,
        "f1-score": 0.8926353149955635,
        "support": 551.0
    },
    "Real": {
        "precision": 0.90715667311412,
        "recall": 0.8653136531365314,
        "f1-score": 0.8857412653446648,
        "support": 542.0
    },
    "accuracy": 0.889295516925892,
    "macro avg": {
        "precision": 0.8902102810015045,
        "recall": 0.8890996577842367,
        "f1-score": 0.8891882901701141,
        "support": 1093.0
    },
    "weighted avg": {
        "precision": 0.8900707407187839,
        "recall": 0.889295516925892,
        "f1-score": 0.8892166737231141,
        "support": 1093.0
    }
}