{
    "Fake": {
        "precision": 0.9763313609467456,
        "recall": 0.8983666061705989,
        "f1-score": 0.9357277882797732,
        "support": 551.0
    },
    "Real": {
        "precision": 0.9044368600682594,
        "recall": 0.977859778597786,
        "f1-score": 0.9397163120567376,
        "support": 542.0
    },
    "accuracy": 0.9377859103385179,
    "macro avg": {
        "precision": 0.9403841105075025,
        "recall": 0.9381131923841924,
        "f1-score": 0.9377220501682554,
        "support": 1093.0
    },
    "weighted avg": {
        "precision": 0.9406801079951083,
        "recall": 0.9377859103385179,
        "f1-score": 0.9377056289816165,
        "support": 1093.0
    }
}