{
    "Fake": {
        "precision": 0.9145454545454546,
        "recall": 0.9128856624319419,
        "f1-score": 0.9137148047229791,
        "support": 551.0
    },
    "Real": {
        "precision": 0.9116022099447514,
        "recall": 0.9132841328413284,
        "f1-score": 0.9124423963133641,
        "support": 542.0
    },
    "accuracy": 0.9130832570905764,
    "macro avg": {
        "precision": 0.913073832245103,
        "recall": 0.9130848976366351,
        "f1-score": 0.9130786005181716,
        "support": 1093.0
    },
    "weighted avg": {
        "precision": 0.9130859499035688,
        "recall": 0.9130832570905764,
        "f1-score": 0.913083839162127,
        "support": 1093.0
    }
}